team,p_exit_R32,p_exit_R16,p_exit_QF,p_exit_SF,p_exit_final,p_exit_winner,p_at_least_R32,p_at_least_R16,p_at_least_QF,p_at_least_SF,p_at_least_final,p_at_least_winner
Algeria,0.671595,0.000000,0.000000,0.000000,0.000000,0.000000,0.671595,0.000000,0.000000,0.000000,0.000000,0.000000
Argentina,0.970050,0.000000,0.000000,0.000000,0.000000,0.000000,0.970050,0.000000,0.000000,0.000000,0.000000,0.000000
Australia,0.454755,0.000000,0.000000,0.000000,0.000000,0.000000,0.454755,0.000000,0.000000,0.000000,0.000000,0.000000
Austria,0.831270,0.000000,0.000000,0.000000,0.000000,0.000000,0.831270,0.000000,0.000000,0.000000,0.000000,0.000000
Belgium,0.958020,0.000000,0.000000,0.000000,0.000000,0.000000,0.958020,0.000000,0.000000,0.000000,0.000000,0.000000
Bosnia and Herzegovina,0.667285,0.000000,0.000000,0.000000,0.000000,0.000000,0.667285,0.000000,0.000000,0.000000,0.000000,0.000000
Brazil,0.983465,0.000000,0.000000,0.000000,0.000000,0.000000,0.983465,0.000000,0.000000,0.000000,0.000000,0.000000
Canada,0.879970,0.000000,0.000000,0.000000,0.000000,0.000000,0.879970,0.000000,0.000000,0.000000,0.000000,0.000000
Cape Verde,0.341655,0.000000,0.000000,0.000000,0.000000,0.000000,0.341655,0.000000,0.000000,0.000000,0.000000,0.000000
Colombia,0.908410,0.000000,0.000000,0.000000,0.000000,0.000000,0.908410,0.000000,0.000000,0.000000,0.000000,0.000000
Croatia,0.841045,0.000000,0.000000,0.000000,0.000000,0.000000,0.841045,0.000000,0.000000,0.000000,0.000000,0.000000
Curaçao,0.105380,0.000000,0.000000,0.000000,0.000000,0.000000,0.105380,0.000000,0.000000,0.000000,0.000000,0.000000
Czechia,0.700615,0.000000,0.000000,0.000000,0.000000,0.000000,0.700615,0.000000,0.000000,0.000000,0.000000,0.000000
DR Congo,0.397690,0.000000,0.000000,0.000000,0.000000,0.000000,0.397690,0.000000,0.000000,0.000000,0.000000,0.000000
Ecuador,0.855450,0.000000,0.000000,0.000000,0.000000,0.000000,0.855450,0.000000,0.000000,0.000000,0.000000,0.000000
Egypt,0.755400,0.000000,0.000000,0.000000,0.000000,0.000000,0.755400,0.000000,0.000000,0.000000,0.000000,0.000000
England,0.965165,0.000000,0.000000,0.000000,0.000000,0.000000,0.965165,0.000000,0.000000,0.000000,0.000000,0.000000
France,0.975640,0.000000,0.000000,0.000000,0.000000,0.000000,0.975640,0.000000,0.000000,0.000000,0.000000,0.000000
Germany,0.980985,0.000000,0.000000,0.000000,0.000000,0.000000,0.980985,0.000000,0.000000,0.000000,0.000000,0.000000
Ghana,0.521190,0.000000,0.000000,0.000000,0.000000,0.000000,0.521190,0.000000,0.000000,0.000000,0.000000,0.000000
Haiti,0.136240,0.000000,0.000000,0.000000,0.000000,0.000000,0.136240,0.000000,0.000000,0.000000,0.000000,0.000000
Iran,0.611465,0.000000,0.000000,0.000000,0.000000,0.000000,0.611465,0.000000,0.000000,0.000000,0.000000,0.000000
Iraq,0.124670,0.000000,0.000000,0.000000,0.000000,0.000000,0.124670,0.000000,0.000000,0.000000,0.000000,0.000000
Ivory Coast,0.776335,0.000000,0.000000,0.000000,0.000000,0.000000,0.776335,0.000000,0.000000,0.000000,0.000000,0.000000
Japan,0.771075,0.000000,0.000000,0.000000,0.000000,0.000000,0.771075,0.000000,0.000000,0.000000,0.000000,0.000000
Jordan,0.200135,0.000000,0.000000,0.000000,0.000000,0.000000,0.200135,0.000000,0.000000,0.000000,0.000000,0.000000
Mexico,0.905285,0.000000,0.000000,0.000000,0.000000,0.000000,0.905285,0.000000,0.000000,0.000000,0.000000,0.000000
Morocco,0.854615,0.000000,0.000000,0.000000,0.000000,0.000000,0.854615,0.000000,0.000000,0.000000,0.000000,0.000000
Netherlands,0.897075,0.000000,0.000000,0.000000,0.000000,0.000000,0.897075,0.000000,0.000000,0.000000,0.000000,0.000000
New Zealand,0.328390,0.000000,0.000000,0.000000,0.000000,0.000000,0.328390,0.000000,0.000000,0.000000,0.000000,0.000000
Norway,0.871090,0.000000,0.000000,0.000000,0.000000,0.000000,0.871090,0.000000,0.000000,0.000000,0.000000,0.000000
Panama,0.310185,0.000000,0.000000,0.000000,0.000000,0.000000,0.310185,0.000000,0.000000,0.000000,0.000000,0.000000
Paraguay,0.635700,0.000000,0.000000,0.000000,0.000000,0.000000,0.635700,0.000000,0.000000,0.000000,0.000000,0.000000
Portugal,0.960650,0.000000,0.000000,0.000000,0.000000,0.000000,0.960650,0.000000,0.000000,0.000000,0.000000,0.000000
Qatar,0.197580,0.000000,0.000000,0.000000,0.000000,0.000000,0.197580,0.000000,0.000000,0.000000,0.000000,0.000000
Saudi Arabia,0.338450,0.000000,0.000000,0.000000,0.000000,0.000000,0.338450,0.000000,0.000000,0.000000,0.000000,0.000000
Scotland,0.703785,0.000000,0.000000,0.000000,0.000000,0.000000,0.703785,0.000000,0.000000,0.000000,0.000000,0.000000
Senegal,0.725775,0.000000,0.000000,0.000000,0.000000,0.000000,0.725775,0.000000,0.000000,0.000000,0.000000,0.000000
South Africa,0.398065,0.000000,0.000000,0.000000,0.000000,0.000000,0.398065,0.000000,0.000000,0.000000,0.000000,0.000000
South Korea,0.685615,0.000000,0.000000,0.000000,0.000000,0.000000,0.685615,0.000000,0.000000,0.000000,0.000000,0.000000
Spain,0.990590,0.000000,0.000000,0.000000,0.000000,0.000000,0.990590,0.000000,0.000000,0.000000,0.000000,0.000000
Sweden,0.626795,0.000000,0.000000,0.000000,0.000000,0.000000,0.626795,0.000000,0.000000,0.000000,0.000000,0.000000
Switzerland,0.943770,0.000000,0.000000,0.000000,0.000000,0.000000,0.943770,0.000000,0.000000,0.000000,0.000000,0.000000
Tunisia,0.397220,0.000000,0.000000,0.000000,0.000000,0.000000,0.397220,0.000000,0.000000,0.000000,0.000000,0.000000
Turkey,0.794705,0.000000,0.000000,0.000000,0.000000,0.000000,0.794705,0.000000,0.000000,0.000000,0.000000,0.000000
United States,0.821790,0.000000,0.000000,0.000000,0.000000,0.000000,0.821790,0.000000,0.000000,0.000000,0.000000,0.000000
Uruguay,0.881210,0.000000,0.000000,0.000000,0.000000,0.000000,0.881210,0.000000,0.000000,0.000000,0.000000,0.000000
Uzbekistan,0.346705,0.000000,0.000000,0.000000,0.000000,0.000000,0.346705,0.000000,0.000000,0.000000,0.000000,0.000000
