team_a,team_b,pred_a,pred_draw,pred_b
Algeria,Argentina,0.12030348,0.20745619,0.67224033
Algeria,Australia,0.35860156,0.30500720,0.33639125
Algeria,Austria,0.28597723,0.30708036,0.40694242
Algeria,Belgium,0.18784499,0.25930966,0.55284535
Algeria,Bosnia and Herzegovina,0.34665922,0.31457358,0.33876720
Algeria,Brazil,0.13946727,0.22847133,0.63206140
Algeria,Canada,0.24244272,0.28664465,0.47091263
Algeria,Cape Verde,0.52521438,0.27394826,0.20083736
Algeria,Colombia,0.21049049,0.27226158,0.51724793
Algeria,Croatia,0.21021026,0.27252177,0.51726796
Algeria,Curaçao,0.61465823,0.23877683,0.14656494
Algeria,Czechia,0.27449589,0.29923371,0.42627040
Algeria,DR Congo,0.42806853,0.30232314,0.26960833
Algeria,Ecuador,0.19083126,0.26172501,0.54744373
Algeria,Egypt,0.31107032,0.30662941,0.38230027
Algeria,England,0.12668622,0.21713654,0.65617724
Algeria,France,0.13541806,0.22737887,0.63720306
Algeria,Germany,0.14717240,0.23793796,0.61488964
Algeria,Ghana,0.51152772,0.27491952,0.21355277
Algeria,Haiti,0.53468669,0.26992093,0.19539238
Algeria,Iran,0.36879001,0.29079561,0.34041438
Algeria,Iraq,0.62516380,0.23285242,0.14198378
Algeria,Ivory Coast,0.28941963,0.30465856,0.40592182
Algeria,Japan,0.23478246,0.28169914,0.48351841
Algeria,Jordan,0.55539585,0.26059498,0.18400917
Algeria,Mexico,0.23455840,0.28035348,0.48508811
Algeria,Morocco,0.22408586,0.28267659,0.49323755
Algeria,Netherlands,0.16311611,0.24568357,0.59120031
Algeria,New Zealand,0.50120189,0.28231455,0.21648356
Algeria,Norway,0.21301122,0.27996823,0.50702055
Algeria,Panama,0.42499221,0.29322336,0.28178443
Algeria,Paraguay,0.26964354,0.29480338,0.43555309
Algeria,Portugal,0.15934878,0.24498871,0.59566251
Algeria,Qatar,0.60770708,0.24061378,0.15167914
Algeria,Saudi Arabia,0.56780132,0.25888971,0.17330896
Algeria,Scotland,0.28856362,0.30512020,0.40631618
Algeria,Senegal,0.23411141,0.28716198,0.47872661
Algeria,South Africa,0.52548580,0.27695213,0.19756207
Algeria,South Korea,0.28070748,0.29777437,0.42151816
Algeria,Spain,0.11075832,0.19547690,0.69376478
Algeria,Sweden,0.31075959,0.31431470,0.37492570
Algeria,Switzerland,0.18269333,0.24969015,0.56761652
Algeria,Tunisia,0.46849497,0.29402253,0.23748250
Algeria,Turkey,0.20236810,0.26915494,0.52847696
Algeria,United States,0.32838742,0.31046043,0.36115215
Algeria,Uruguay,0.20625443,0.27173215,0.52201341
Algeria,Uzbekistan,0.41797229,0.30211783,0.27990988
Argentina,Australia,0.68599657,0.20087663,0.11312680
Argentina,Austria,0.60884208,0.24261351,0.14854441
Argentina,Belgium,0.47749072,0.29429392,0.22821536
Argentina,Bosnia and Herzegovina,0.68044885,0.20638645,0.11316469
Argentina,Brazil,0.39799620,0.30443550,0.29756830
Argentina,Canada,0.57414222,0.25303777,0.17282001
Argentina,Cape Verde,0.75159540,0.16336953,0.08503506
Argentina,Colombia,0.53768329,0.26959534,0.19272137
Argentina,Croatia,0.51817620,0.28118087,0.20064294
Argentina,Curaçao,0.77941084,0.14551379,0.07507537
Argentina,Czechia,0.61013075,0.24208496,0.14778429
Argentina,DR Congo,0.71306101,0.18395995,0.10297904
Argentina,Ecuador,0.47595824,0.29282443,0.23121733
Argentina,Egypt,0.65480133,0.21755490,0.12764377
Argentina,England,0.37549674,0.31143426,0.31306899
Argentina,France,0.38449193,0.30885050,0.30665757
Argentina,Germany,0.40307846,0.30614221,0.29077933
Argentina,Ghana,0.70555098,0.18756392,0.10688510
Argentina,Haiti,0.75963978,0.15777795,0.08258227
Argentina,Iran,0.69670525,0.19645102,0.10684373
Argentina,Iraq,0.78938161,0.13923196,0.07138643
Argentina,Ivory Coast,0.59797899,0.24129127,0.16072974
Argentina,Japan,0.57907767,0.25062594,0.17029639
Argentina,Jordan,0.77704799,0.14772101,0.07523100
Argentina,Mexico,0.56270290,0.25730953,0.17998757
Argentina,Morocco,0.54150502,0.26670572,0.19178926
Argentina,Netherlands,0.43661568,0.30059941,0.26278491
Argentina,New Zealand,0.76210132,0.15692830,0.08097039
Argentina,Norway,0.51800453,0.27622702,0.20576845
Argentina,Panama,0.74862103,0.16587863,0.08550034
Argentina,Paraguay,0.62120561,0.23419898,0.14459541
Argentina,Portugal,0.43899170,0.29816241,0.26284590
Argentina,Qatar,0.78938161,0.13923196,0.07138643
Argentina,Saudi Arabia,0.77839175,0.14623289,0.07537536
Argentina,Scotland,0.62207631,0.23643013,0.14149356
Argentina,Senegal,0.55347843,0.26164171,0.18487985
Argentina,South Africa,0.76908293,0.15284656,0.07807051
Argentina,South Korea,0.62533081,0.23063935,0.14402984
Argentina,Spain,0.26708675,0.29714091,0.43577234
Argentina,Sweden,0.60895642,0.23980844,0.15123514
Argentina,Switzerland,0.46658134,0.29686633,0.23655234
Argentina,Tunisia,0.72778262,0.17834430,0.09387308
Argentina,Turkey,0.51490307,0.28171309,0.20338384
Argentina,United States,0.65500810,0.21339141,0.13160049
Argentina,Uruguay,0.53492319,0.27122077,0.19385604
Argentina,Uzbekistan,0.72922981,0.17691607,0.09385412
Australia,Austria,0.27800448,0.30482589,0.41716962
Australia,Belgium,0.16494770,0.24900636,0.58604594
Australia,Bosnia and Herzegovina,0.33904416,0.31104374,0.34991211
Australia,Brazil,0.12453995,0.21426159,0.66119846
Australia,Canada,0.21928995,0.28099388,0.49971617
Australia,Cape Verde,0.48181197,0.28000803,0.23818000
Australia,Colombia,0.18476001,0.26328000,0.55195999
Australia,Croatia,0.19034254,0.26748967,0.54216779
Australia,Curaçao,0.55931245,0.25020191,0.19048564
Australia,Czechia,0.27423697,0.30699128,0.41877175
Australia,DR Congo,0.39453127,0.29726420,0.30820453
Australia,Ecuador,0.16452996,0.24974671,0.58572333
Australia,Egypt,0.30488962,0.30618747,0.38892291
Australia,England,0.12084471,0.21103174,0.66812355
Australia,France,0.12308589,0.21442453,0.66248957
Australia,Germany,0.12672694,0.21835822,0.65491485
Australia,Ghana,0.44897784,0.28010363,0.27091853
Australia,Haiti,0.49006595,0.27697118,0.23296287
Australia,Iran,0.34905942,0.29724412,0.35369646
Australia,Iraq,0.57080692,0.24946321,0.17972987
Australia,Ivory Coast,0.28640853,0.29569267,0.41789880
Australia,Japan,0.21492097,0.27962772,0.50545131
Australia,Jordan,0.53378591,0.26243076,0.20378333
Australia,Mexico,0.20814648,0.27632716,0.51552636
Australia,Morocco,0.21064015,0.27973230,0.50962755
Australia,Netherlands,0.13940160,0.22861006,0.63198835
Australia,New Zealand,0.47501172,0.28220634,0.24278194
Australia,Norway,0.20090344,0.27208469,0.52701188
Australia,Panama,0.40882350,0.29838287,0.29279363
Australia,Paraguay,0.25721439,0.30210558,0.44068002
Australia,Portugal,0.14069260,0.23078974,0.62851766
Australia,Qatar,0.56378912,0.25261613,0.18359476
Australia,Saudi Arabia,0.52586506,0.26563274,0.20850220
Australia,Scotland,0.27588217,0.30635198,0.41776586
Australia,Senegal,0.24257969,0.29157941,0.46584090
Australia,South Africa,0.49430832,0.27792503,0.22776665
Australia,South Korea,0.26227070,0.30121221,0.43651709
Australia,Spain,0.09011888,0.17238214,0.73749898
Australia,Sweden,0.30352352,0.30385043,0.39262604
Australia,Switzerland,0.16846879,0.25140322,0.58012799
Australia,Tunisia,0.42956655,0.29359069,0.27684276
Australia,Turkey,0.18577399,0.26450912,0.54971689
Australia,United States,0.32445135,0.29949724,0.37605141
Australia,Uruguay,0.18918332,0.26877635,0.54204033
Australia,Uzbekistan,0.39830852,0.30230693,0.29938455
Austria,Belgium,0.21310539,0.28455467,0.50233994
Austria,Bosnia and Herzegovina,0.41192393,0.30996435,0.27811172
Austria,Brazil,0.16065855,0.25267401,0.58666743
Austria,Canada,0.26962099,0.30061283,0.42976618
Austria,Cape Verde,0.57429581,0.25418012,0.17152408
Austria,Colombia,0.23692559,0.29364875,0.46942566
Austria,Croatia,0.24203014,0.29682691,0.46114295
Austria,Curaçao,0.63383492,0.22848721,0.13767787
Austria,Czechia,0.33367388,0.31840750,0.34791863
Austria,DR Congo,0.48903450,0.28261078,0.22835472
Austria,Ecuador,0.20576256,0.27875909,0.51547835
Austria,Egypt,0.37476488,0.31288282,0.31235230
Austria,England,0.15818656,0.25273736,0.58907608
Austria,France,0.15822349,0.25254273,0.58923378
Austria,Germany,0.16457856,0.25763072,0.57779073
Austria,Ghana,0.53691049,0.26421913,0.19887038
Austria,Haiti,0.58299941,0.25031372,0.16668687
Austria,Iran,0.40877089,0.30003844,0.29119067
Austria,Iraq,0.64707849,0.22327732,0.12964419
Austria,Ivory Coast,0.34295306,0.30966726,0.34737968
Austria,Japan,0.27048301,0.30305855,0.42645844
Austria,Jordan,0.60216099,0.24428182,0.15355719
Austria,Mexico,0.25840551,0.29862935,0.44296514
Austria,Morocco,0.26638795,0.30531903,0.42829302
Austria,Netherlands,0.18031035,0.26611878,0.55357087
Austria,New Zealand,0.55328653,0.26598092,0.18073255
Austria,Norway,0.25163293,0.30350252,0.44486454
Austria,Panama,0.49027364,0.28739906,0.22232730
Austria,Paraguay,0.31828640,0.31378469,0.36792890
Austria,Portugal,0.17810691,0.26656579,0.55532729
Austria,Qatar,0.64120171,0.22690836,0.13188993
Austria,Saudi Arabia,0.60285764,0.24520859,0.15193377
Austria,Scotland,0.34427042,0.31644267,0.33928692
Austria,Senegal,0.29560095,0.31173035,0.39266870
Austria,South Africa,0.57107543,0.25987787,0.16904670
Austria,South Korea,0.32483049,0.31147265,0.36369686
Austria,Spain,0.12067267,0.21439380,0.66493353
Austria,Sweden,0.37431555,0.31357480,0.31210966
Austria,Switzerland,0.21276213,0.28036682,0.50687104
Austria,Tunisia,0.51545518,0.27777811,0.20676671
Austria,Turkey,0.23605607,0.29524211,0.46870182
Austria,United States,0.39866649,0.30591580,0.29541771
Austria,Uruguay,0.23992414,0.29741644,0.46265942
Austria,Uzbekistan,0.47665779,0.29148067,0.23186154
Belgium,Bosnia and Herzegovina,0.55894572,0.26193907,0.17911521
Belgium,Brazil,0.25802910,0.30661819,0.43535271
Belgium,Canada,0.41434224,0.30354821,0.28210954
Belgium,Cape Verde,0.69535732,0.19386922,0.11077346
Belgium,Colombia,0.37371406,0.31313930,0.31314664
Belgium,Croatia,0.37874509,0.31538262,0.30587229
Belgium,Curaçao,0.74179891,0.16761527,0.09058582
Belgium,Czechia,0.50137672,0.28484704,0.21377624
Belgium,DR Congo,0.63047439,0.22471719,0.14480842
Belgium,Ecuador,0.32431906,0.31223177,0.36344918
Belgium,Egypt,0.53914275,0.26702783,0.19382942
Belgium,England,0.24893687,0.30880955,0.44225358
Belgium,France,0.24936623,0.30871209,0.44192169
Belgium,Germany,0.27038266,0.31413434,0.41548301
Belgium,Ghana,0.64272974,0.21809964,0.13917062
Belgium,Haiti,0.70350899,0.18910895,0.10738206
Belgium,Iran,0.59057430,0.24877475,0.16065095
Belgium,Iraq,0.74127513,0.16953719,0.08918768
Belgium,Ivory Coast,0.48459199,0.28188647,0.23352153
Belgium,Japan,0.42652755,0.30170905,0.27176339
Belgium,Jordan,0.70901953,0.18980825,0.10117222
Belgium,Mexico,0.39411072,0.30739067,0.29849861
Belgium,Morocco,0.42132596,0.30370167,0.27497236
Belgium,Netherlands,0.30559638,0.31777843,0.37662519
Belgium,New Zealand,0.66771978,0.21088454,0.12139568
Belgium,Norway,0.40896410,0.30733220,0.28370370
Belgium,Panama,0.64293381,0.22455290,0.13251329
Belgium,Paraguay,0.50803740,0.28041282,0.21154978
Belgium,Portugal,0.30088526,0.31851448,0.38060027
Belgium,Qatar,0.74127513,0.16953719,0.08918768
Belgium,Saudi Arabia,0.71971315,0.18178807,0.09849878
Belgium,Scotland,0.50920831,0.28188033,0.20891135
Belgium,Senegal,0.44947924,0.29606011,0.25446065
Belgium,South Africa,0.70104218,0.19293172,0.10602610
Belgium,South Korea,0.50899630,0.27818636,0.21281734
Belgium,Spain,0.19545395,0.27752188,0.52702417
Belgium,Sweden,0.50314237,0.27967906,0.21717857
Belgium,Switzerland,0.31980718,0.31182744,0.36836538
Belgium,Tunisia,0.64823569,0.21842801,0.13333630
Belgium,Turkey,0.38829444,0.31420083,0.29750473
Belgium,United States,0.54006380,0.26215060,0.19778560
Belgium,Uruguay,0.39716449,0.30967090,0.29316461
Belgium,Uzbekistan,0.61245015,0.23576850,0.15178136
Bosnia and Herzegovina,Brazil,0.13508933,0.23093668,0.63397399
Bosnia and Herzegovina,Canada,0.23373095,0.29059543,0.47567362
Bosnia and Herzegovina,Cape Verde,0.52032180,0.27524462,0.20443359
Bosnia and Herzegovina,Colombia,0.20110285,0.27440263,0.52449453
Bosnia and Herzegovina,Croatia,0.19979036,0.27469129,0.52551835
Bosnia and Herzegovina,Curaçao,0.58874830,0.25081430,0.16043740
Bosnia and Herzegovina,Czechia,0.26675377,0.30782462,0.42542161
Bosnia and Herzegovina,DR Congo,0.43411160,0.29945379,0.26643461
Bosnia and Herzegovina,Ecuador,0.18080559,0.26193007,0.55726434
Bosnia and Herzegovina,Egypt,0.30003047,0.31364677,0.38632275
Bosnia and Herzegovina,England,0.12802384,0.22514380,0.64683236
Bosnia and Herzegovina,France,0.13617144,0.23306683,0.63076174
Bosnia and Herzegovina,Germany,0.14454947,0.24059316,0.61485737
Bosnia and Herzegovina,Ghana,0.48109288,0.28465285,0.23425426
Bosnia and Herzegovina,Haiti,0.52978814,0.27124470,0.19896716
Bosnia and Herzegovina,Iran,0.35348400,0.29853627,0.34797973
Bosnia and Herzegovina,Iraq,0.60403930,0.24298407,0.15297663
Bosnia and Herzegovina,Ivory Coast,0.27724508,0.30678827,0.41596665
Bosnia and Herzegovina,Japan,0.22949877,0.28703605,0.48346518
Bosnia and Herzegovina,Jordan,0.54483988,0.26732644,0.18783368
Bosnia and Herzegovina,Mexico,0.22436141,0.28579724,0.48984135
Bosnia and Herzegovina,Morocco,0.21283994,0.28434857,0.50281149
Bosnia and Herzegovina,Netherlands,0.15365965,0.24691539,0.59942496
Bosnia and Herzegovina,New Zealand,0.48380466,0.29032327,0.22587207
Bosnia and Herzegovina,Norway,0.19996490,0.28028012,0.51975498
Bosnia and Herzegovina,Panama,0.41486432,0.30388948,0.28124620
Bosnia and Herzegovina,Paraguay,0.25604918,0.30110849,0.44284233
Bosnia and Herzegovina,Portugal,0.14983016,0.24547065,0.60469919
Bosnia and Herzegovina,Qatar,0.59550091,0.24699038,0.15750871
Bosnia and Herzegovina,Saudi Arabia,0.54317433,0.26893976,0.18788592
Bosnia and Herzegovina,Scotland,0.27425538,0.31112451,0.41462011
Bosnia and Herzegovina,Senegal,0.23935516,0.29764222,0.46300262
Bosnia and Herzegovina,South Africa,0.51688510,0.28115140,0.20196350
Bosnia and Herzegovina,South Korea,0.26941734,0.30333125,0.42725141
Bosnia and Herzegovina,Spain,0.10443730,0.19234572,0.70321698
Bosnia and Herzegovina,Sweden,0.30429272,0.31381093,0.38189634
Bosnia and Herzegovina,Switzerland,0.18313490,0.25945300,0.55741210
Bosnia and Herzegovina,Tunisia,0.45628175,0.29833243,0.24538581
Bosnia and Herzegovina,Turkey,0.19847322,0.27521152,0.52631525
Bosnia and Herzegovina,United States,0.32433788,0.31023426,0.36542786
Bosnia and Herzegovina,Uruguay,0.20207976,0.27764904,0.52027120
Bosnia and Herzegovina,Uzbekistan,0.40202421,0.30998453,0.28799126
Brazil,Canada,0.53868098,0.26729427,0.19402475
Brazil,Cape Verde,0.75248280,0.16294721,0.08457000
Brazil,Colombia,0.49080804,0.28754242,0.22164954
Brazil,Croatia,0.47663389,0.29639637,0.22696975
Brazil,Curaçao,0.78018761,0.14513559,0.07467680
Brazil,Czechia,0.59312407,0.25037037,0.15650556
Brazil,DR Congo,0.69690524,0.19475216,0.10834260
Brazil,Ecuador,0.41775118,0.30677682,0.27547200
Brazil,Egypt,0.62192198,0.23329045,0.14478757
Brazil,England,0.32790560,0.31642337,0.35567103
Brazil,France,0.33737993,0.31637786,0.34624220
Brazil,Germany,0.35263293,0.31485595,0.33251112
Brazil,Ghana,0.70584743,0.18761125,0.10654132
Brazil,Haiti,0.76048979,0.15737182,0.08213838
Brazil,Iran,0.67431931,0.20789448,0.11778621
Brazil,Iraq,0.79013936,0.13885994,0.07100070
Brazil,Ivory Coast,0.55156060,0.26203630,0.18640310
Brazil,Japan,0.54273713,0.26575004,0.19151284
Brazil,Jordan,0.77287415,0.15108138,0.07604447
Brazil,Mexico,0.50545729,0.27904565,0.21549706
Brazil,Morocco,0.51625899,0.27726781,0.20647320
Brazil,Netherlands,0.39411856,0.31095215,0.29492929
Brazil,New Zealand,0.75285271,0.16331179,0.08383550
Brazil,Norway,0.49052370,0.28616782,0.22330848
Brazil,Panama,0.70817537,0.18938677,0.10243787
Brazil,Paraguay,0.59749451,0.24594277,0.15656272
Brazil,Portugal,0.39939556,0.30829746,0.29230698
Brazil,Qatar,0.79013936,0.13885994,0.07100070
Brazil,Saudi Arabia,0.76394866,0.15610647,0.07994487
Brazil,Scotland,0.59408069,0.24982822,0.15609108
Brazil,Senegal,0.53688417,0.26890208,0.19421375
Brazil,South Africa,0.75536718,0.16234450,0.08228832
Brazil,South Korea,0.59842015,0.24357818,0.15800167
Brazil,Spain,0.24433089,0.28646812,0.46920099
Brazil,Sweden,0.56432368,0.26206095,0.17361538
Brazil,Switzerland,0.41587104,0.30500584,0.27912312
Brazil,Tunisia,0.72739686,0.17893213,0.09367101
Brazil,Turkey,0.47611654,0.29704957,0.22683388
Brazil,United States,0.60639272,0.23784137,0.15576591
Brazil,Uruguay,0.49663412,0.28654399,0.21682188
Brazil,Uzbekistan,0.70751297,0.18954525,0.10294179
Canada,Cape Verde,0.62090611,0.22793619,0.15115770
Canada,Colombia,0.30579601,0.30924001,0.38496398
Canada,Croatia,0.30551487,0.31088153,0.38360360
Canada,Curaçao,0.66922789,0.20435217,0.12641993
Canada,Czechia,0.43259851,0.30071486,0.26668662
Canada,DR Congo,0.51995459,0.26934132,0.21070409
Canada,Ecuador,0.25961347,0.29770486,0.44268168
Canada,Egypt,0.45180606,0.29402591,0.25416803
Canada,England,0.18210057,0.26168521,0.55621421
Canada,France,0.18210057,0.26168521,0.55621421
Canada,Germany,0.20475214,0.27752739,0.51772046
Canada,Ghana,0.57734884,0.24273936,0.17991179
Canada,Haiti,0.63003543,0.22395821,0.14600635
Canada,Iran,0.50702919,0.27889003,0.21408078
Canada,Iraq,0.68333633,0.19834036,0.11832331
Canada,Ivory Coast,0.41170453,0.29278208,0.29551338
Canada,Japan,0.34792094,0.30887326,0.34320580
Canada,Jordan,0.64147829,0.22310206,0.13541965
Canada,Mexico,0.32532395,0.30989305,0.36478299
Canada,Morocco,0.35138245,0.30674202,0.34187553
Canada,Netherlands,0.23594266,0.28869078,0.47536656
Canada,New Zealand,0.59442758,0.24561181,0.15996062
Canada,Norway,0.34276040,0.30648423,0.35075536
Canada,Panama,0.56416598,0.25872003,0.17711400
Canada,Paraguay,0.41158772,0.30578458,0.28262770
Canada,Portugal,0.24443185,0.29249074,0.46307741
Canada,Qatar,0.68050166,0.19999034,0.11950799
Canada,Saudi Arabia,0.65308188,0.21445202,0.13246610
Canada,Scotland,0.44018935,0.29867083,0.26113982
Canada,Senegal,0.39121333,0.30060591,0.30818075
Canada,South Africa,0.61385669,0.23502719,0.15111612
Canada,South Korea,0.41880224,0.30281604,0.27838172
Canada,Spain,0.14435821,0.23212066,0.62352114
Canada,Sweden,0.43728276,0.29562999,0.26708725
Canada,Switzerland,0.24855655,0.29196245,0.45948100
Canada,Tunisia,0.56086540,0.25661076,0.18252383
Canada,Turkey,0.32384295,0.31333108,0.36282597
Canada,United States,0.46682813,0.28364875,0.24952311
Canada,Uruguay,0.32236981,0.30695160,0.37067859
Canada,Uzbekistan,0.53061557,0.27056581,0.19881862
Cape Verde,Colombia,0.12382188,0.20552928,0.67064884
Cape Verde,Croatia,0.12429648,0.20653691,0.66916661
Cape Verde,Curaçao,0.44376909,0.29375284,0.26247807
Cape Verde,Czechia,0.17621438,0.25601662,0.56776901
Cape Verde,DR Congo,0.24651502,0.29720881,0.45627617
Cape Verde,Ecuador,0.11740621,0.20051796,0.68207583
Cape Verde,Egypt,0.18774740,0.26608383,0.54616876
Cape Verde,England,0.08421437,0.16455562,0.75123001
Cape Verde,France,0.08421437,0.16455562,0.75123001
Cape Verde,Germany,0.08999267,0.17570247,0.73430486
Cape Verde,Ghana,0.32935842,0.30558900,0.36505259
Cape Verde,Haiti,0.35200809,0.30906359,0.33892832
Cape Verde,Iran,0.25588737,0.27132483,0.47278779
Cape Verde,Iraq,0.44044540,0.29181448,0.26774012
Cape Verde,Ivory Coast,0.15974142,0.24609578,0.59416279
Cape Verde,Japan,0.14285301,0.22157866,0.63556833
Cape Verde,Jordan,0.36993775,0.28656930,0.34349296
Cape Verde,Mexico,0.14866883,0.22404552,0.62728565
Cape Verde,Morocco,0.14051412,0.22505280,0.63443309
Cape Verde,Netherlands,0.09534341,0.17911631,0.72554028
Cape Verde,New Zealand,0.31988854,0.29301154,0.38709992
Cape Verde,Norway,0.13305897,0.21834417,0.64859686
Cape Verde,Panama,0.28737961,0.28603427,0.42658611
Cape Verde,Paraguay,0.17656336,0.25496921,0.56846743
Cape Verde,Portugal,0.09273768,0.17797389,0.72928843
Cape Verde,Qatar,0.42494744,0.29213262,0.28291994
Cape Verde,Saudi Arabia,0.37332812,0.30285107,0.32382082
Cape Verde,Scotland,0.17821118,0.25970617,0.56208265
Cape Verde,Senegal,0.14768076,0.23316522,0.61915402
Cape Verde,South Africa,0.33682699,0.30545413,0.35771888
Cape Verde,South Korea,0.18203452,0.25481474,0.56315075
Cape Verde,Spain,0.08421437,0.16455562,0.75123001
Cape Verde,Sweden,0.17533007,0.25847382,0.56619610
Cape Verde,Switzerland,0.11989624,0.19661497,0.68348879
Cape Verde,Tunisia,0.27964611,0.30169275,0.41866114
Cape Verde,Turkey,0.11937232,0.20323480,0.67739288
Cape Verde,United States,0.19376376,0.26813588,0.53810036
Cape Verde,Uruguay,0.12009363,0.20519806,0.67470831
Cape Verde,Uzbekistan,0.25993605,0.29149436,0.44856959
Colombia,Croatia,0.34818951,0.31547475,0.33633574
Colombia,Curaçao,0.72405175,0.17619258,0.09975567
Colombia,Czechia,0.46621926,0.29452515,0.23925559
Colombia,DR Congo,0.60242330,0.23529208,0.16228462
Colombia,Ecuador,0.29188776,0.30958266,0.39852957
Colombia,Egypt,0.50576480,0.27691111,0.21732408
Colombia,England,0.21310780,0.28646052,0.50043168
Colombia,France,0.21638314,0.28917379,0.49444307
Colombia,Germany,0.23661572,0.29631214,0.46707214
Colombia,Ghana,0.61667171,0.22738271,0.15594558
Colombia,Haiti,0.67994604,0.20084231,0.11921165
Colombia,Iran,0.56226378,0.26084234,0.17689388
Colombia,Iraq,0.72471260,0.17780880,0.09747861
Colombia,Ivory Coast,0.46295503,0.28499844,0.25204654
Colombia,Japan,0.39753224,0.30762939,0.29483837
Colombia,Jordan,0.68615577,0.20234038,0.11150385
Colombia,Mexico,0.36681853,0.30886559,0.32431588
Colombia,Morocco,0.39354663,0.30543686,0.30101650
Colombia,Netherlands,0.27702544,0.30657259,0.41640197
Colombia,New Zealand,0.64457157,0.22295968,0.13246875
Colombia,Norway,0.37986095,0.30548390,0.31465515
Colombia,Panama,0.61721495,0.23760140,0.14518365
Colombia,Paraguay,0.47288349,0.29010730,0.23700922
Colombia,Portugal,0.27192586,0.30631484,0.42175930
Colombia,Qatar,0.72471260,0.17780880,0.09747861
Colombia,Saudi Arabia,0.70067150,0.19141697,0.10791152
Colombia,Scotland,0.47089441,0.29281793,0.23628766
Colombia,Senegal,0.42324488,0.29895164,0.27780348
Colombia,South Africa,0.67544990,0.20639540,0.11815470
Colombia,South Korea,0.47556060,0.28823820,0.23620120
Colombia,Spain,0.15867473,0.24749550,0.59382977
Colombia,Sweden,0.48043987,0.28401841,0.23554171
Colombia,Switzerland,0.28758597,0.30911863,0.40329540
Colombia,Tunisia,0.61540583,0.23396643,0.15062774
Colombia,Turkey,0.36150787,0.31468586,0.32380628
Colombia,United States,0.51081957,0.27132522,0.21785522
Colombia,Uruguay,0.36775135,0.31058000,0.32166865
Colombia,Uzbekistan,0.58379594,0.24889436,0.16730969
Croatia,Curaçao,0.70108821,0.19068747,0.10822432
Croatia,Czechia,0.46720258,0.29490566,0.23789176
Croatia,DR Congo,0.58572925,0.24366146,0.17060929
Croatia,Ecuador,0.28949274,0.30968989,0.40081737
Croatia,Egypt,0.50706938,0.27685778,0.21607284
Croatia,England,0.22104550,0.29681317,0.48214133
Croatia,France,0.22654696,0.29934511,0.47410793
Croatia,Germany,0.24355165,0.30438165,0.45206670
Croatia,Ghana,0.61513195,0.22904873,0.15581932
Croatia,Haiti,0.67849669,0.20182084,0.11968248
Croatia,Iran,0.54585561,0.26832006,0.18582433
Croatia,Iraq,0.71897561,0.18150274,0.09952165
Croatia,Ivory Coast,0.46031211,0.28687987,0.25280803
Croatia,Japan,0.37599331,0.31313063,0.31087606
Croatia,Jordan,0.68132654,0.20502413,0.11364933
Croatia,Mexico,0.35778309,0.31078497,0.33143195
Croatia,Morocco,0.38676982,0.30972982,0.30350037
Croatia,Netherlands,0.27294875,0.30871896,0.41833230
Croatia,New Zealand,0.64099982,0.22447069,0.13452949
Croatia,Norway,0.37164613,0.31084917,0.31750470
Croatia,Panama,0.61462792,0.23872186,0.14665022
Croatia,Paraguay,0.46764881,0.29205310,0.24029809
Croatia,Portugal,0.27560631,0.31181676,0.41257693
Croatia,Qatar,0.71600432,0.18379966,0.10019603
Croatia,Saudi Arabia,0.68910361,0.19830217,0.11259422
Croatia,Scotland,0.46831482,0.29453319,0.23715198
Croatia,Senegal,0.42007957,0.30081093,0.27910950
Croatia,South Africa,0.67171532,0.20844000,0.11984467
Croatia,South Korea,0.45471444,0.29580300,0.24948256
Croatia,Spain,0.16977276,0.26117939,0.56904785
Croatia,Sweden,0.46854241,0.29003563,0.24142196
Croatia,Switzerland,0.28803484,0.31331844,0.39864672
Croatia,Tunisia,0.61566031,0.23358392,0.15075577
Croatia,Turkey,0.35758899,0.31746528,0.32494573
Croatia,United States,0.50620744,0.27482198,0.21897058
Croatia,Uruguay,0.34857608,0.31503184,0.33639207
Croatia,Uzbekistan,0.57720218,0.25299459,0.16980323
Curaçao,Czechia,0.13096458,0.21851329,0.65052213
Curaçao,DR Congo,0.18118250,0.26313781,0.55567969
Curaçao,Ecuador,0.09499912,0.17049671,0.73450417
Curaçao,Egypt,0.15046305,0.23852607,0.61101088
Curaçao,England,0.07526535,0.14924531,0.77548934
Curaçao,France,0.07526535,0.14924531,0.77548934
Curaçao,Germany,0.07534713,0.14960551,0.77504736
Curaçao,Ghana,0.24551858,0.28990523,0.46457620
Curaçao,Haiti,0.27396575,0.29575548,0.43027877
Curaçao,Iran,0.20406561,0.24412621,0.55180818
Curaçao,Iraq,0.35120584,0.28775733,0.36103684
Curaçao,Ivory Coast,0.12294274,0.21336842,0.66368884
Curaçao,Japan,0.11894481,0.19747721,0.68357798
Curaçao,Jordan,0.30653529,0.27378195,0.41968276
Curaçao,Mexico,0.12280075,0.19699139,0.68020786
Curaçao,Morocco,0.10061691,0.18242895,0.71695414
Curaçao,Netherlands,0.07997249,0.15358881,0.76643870
Curaçao,New Zealand,0.26531835,0.27821262,0.45646903
Curaçao,Norway,0.09590415,0.17867639,0.72541945
Curaçao,Panama,0.23621940,0.26840141,0.49537918
Curaçao,Paraguay,0.12870950,0.21334136,0.65794914
Curaçao,Portugal,0.07810329,0.15222635,0.76967036
Curaçao,Qatar,0.34499235,0.28760734,0.36740031
Curaçao,Saudi Arabia,0.30200164,0.28840293,0.40959543
Curaçao,Scotland,0.14219149,0.23123866,0.62656985
Curaçao,Senegal,0.10637738,0.19089663,0.70272599
Curaçao,South Africa,0.26288265,0.28032253,0.45679482
Curaçao,South Korea,0.13792595,0.21790130,0.64417275
Curaçao,Spain,0.07526535,0.14924531,0.77548934
Curaçao,Sweden,0.13367797,0.22574043,0.64058160
Curaçao,Switzerland,0.10456448,0.18350442,0.71193110
Curaçao,Tunisia,0.22010881,0.27440723,0.50548396
Curaçao,Turkey,0.09949486,0.18030736,0.72019777
Curaçao,United States,0.15046177,0.23805944,0.61147879
Curaçao,Uruguay,0.09945562,0.17928108,0.72126330
Curaçao,Uzbekistan,0.20124872,0.26421641,0.53453487
Czechia,DR Congo,0.49116637,0.28267344,0.22616019
Czechia,Ecuador,0.20966217,0.27962155,0.51071628
Czechia,Egypt,0.39100444,0.31103317,0.29796239
Czechia,England,0.15575159,0.25126250,0.59298591
Czechia,France,0.15685741,0.25206053,0.59108206
Czechia,Germany,0.16655529,0.25888528,0.57455943
Czechia,Ghana,0.54111979,0.26083589,0.19804432
Czechia,Haiti,0.57660010,0.25214466,0.17125523
Czechia,Iran,0.42225342,0.30227594,0.27547063
Czechia,Iraq,0.65070972,0.22008423,0.12920605
Czechia,Ivory Coast,0.35768567,0.30478653,0.33752780
Czechia,Japan,0.28136182,0.30950505,0.40913313
Czechia,Jordan,0.61093342,0.24039155,0.14867503
Czechia,Mexico,0.25786825,0.29916921,0.44296254
Czechia,Morocco,0.28703322,0.30818693,0.40477986
Czechia,Netherlands,0.18626961,0.27102541,0.54270498
Czechia,New Zealand,0.55427003,0.26515032,0.18057965
Czechia,Norway,0.27174373,0.30665703,0.42159924
Czechia,Panama,0.50953065,0.28185960,0.20860976
Czechia,Paraguay,0.33908104,0.31386667,0.34705229
Czechia,Portugal,0.18403537,0.27180360,0.54416103
Czechia,Qatar,0.63695654,0.22770687,0.13533659
Czechia,Saudi Arabia,0.59846139,0.24687636,0.15466226
Czechia,Scotland,0.35848517,0.31695806,0.32455678
Czechia,Senegal,0.30048397,0.31027145,0.38924458
Czechia,South Africa,0.57585640,0.25838280,0.16576079
Czechia,South Korea,0.33753832,0.31405721,0.34840447
Czechia,Spain,0.11609172,0.21013604,0.67377224
Czechia,Sweden,0.38362859,0.30820213,0.30816928
Czechia,Switzerland,0.21052563,0.28048014,0.50899422
Czechia,Tunisia,0.52026882,0.27566966,0.20406152
Czechia,Turkey,0.24916950,0.30161777,0.44921273
Czechia,United States,0.41952022,0.29714255,0.28333723
Czechia,Uruguay,0.25324120,0.30398802,0.44277077
Czechia,Uzbekistan,0.49833019,0.28382115,0.21784866
DR Congo,Ecuador,0.14351936,0.22118870,0.63529193
DR Congo,Egypt,0.25532080,0.29397009,0.45070910
DR Congo,England,0.10756477,0.19623313,0.69620210
DR Congo,France,0.10756477,0.19623313,0.69620210
DR Congo,Germany,0.11093118,0.20061769,0.68845113
DR Congo,Ghana,0.43790977,0.29581660,0.26627362
DR Congo,Haiti,0.46517534,0.29418870,0.24063596
DR Congo,Iran,0.32433900,0.28587724,0.38978375
DR Congo,Iraq,0.55338114,0.26319896,0.18341990
DR Congo,Ivory Coast,0.21445185,0.27892954,0.50661861
DR Congo,Japan,0.20099213,0.26232886,0.53667901
DR Congo,Jordan,0.47190766,0.28211401,0.24597833
DR Congo,Mexico,0.18876643,0.25222600,0.55900757
DR Congo,Morocco,0.18138649,0.25532202,0.56329149
DR Congo,Netherlands,0.12061874,0.20830687,0.67107438
DR Congo,New Zealand,0.41232767,0.29828101,0.28939132
DR Congo,Norway,0.17361577,0.25418711,0.57219712
DR Congo,Panama,0.35800360,0.29093089,0.35106551
DR Congo,Paraguay,0.22760863,0.28211021,0.49028116
DR Congo,Portugal,0.11966961,0.20914872,0.67118168
DR Congo,Qatar,0.55018945,0.26415393,0.18565663
DR Congo,Saudi Arabia,0.49039430,0.28549547,0.22411023
DR Congo,Scotland,0.23500465,0.28625552,0.47873983
DR Congo,Senegal,0.19327891,0.26507072,0.54165037
DR Congo,South Africa,0.44312525,0.29769584,0.25917891
DR Congo,South Korea,0.23979674,0.28544001,0.47476326
DR Congo,Spain,0.10154977,0.18554152,0.71290871
DR Congo,Sweden,0.24075721,0.29306076,0.46618203
DR Congo,Switzerland,0.15546213,0.22690225,0.61763562
DR Congo,Tunisia,0.37889225,0.30796011,0.31314764
DR Congo,Turkey,0.17311954,0.24839770,0.57848276
DR Congo,United States,0.26093880,0.29847227,0.44058892
DR Congo,Uruguay,0.17569712,0.25046432,0.57383856
DR Congo,Uzbekistan,0.33525699,0.30730802,0.35743499
Ecuador,Egypt,0.54979657,0.26118255,0.18902089
Ecuador,England,0.26224562,0.30469658,0.43305780
Ecuador,France,0.26224562,0.30469658,0.43305780
Ecuador,Germany,0.28839855,0.31022268,0.40137877
Ecuador,Ghana,0.65055331,0.21068267,0.13876402
Ecuador,Haiti,0.69123466,0.19517875,0.11358659
Ecuador,Iran,0.59848703,0.24472214,0.15679082
Ecuador,Iraq,0.75026657,0.16229333,0.08744010
Ecuador,Ivory Coast,0.48808932,0.27745245,0.23445823
Ecuador,Japan,0.44519113,0.29735268,0.25745619
Ecuador,Jordan,0.72577857,0.17864580,0.09557563
Ecuador,Mexico,0.42106526,0.30203156,0.27690318
Ecuador,Morocco,0.43705150,0.29641495,0.26653355
Ecuador,Netherlands,0.31206264,0.31303342,0.37490394
Ecuador,New Zealand,0.69379343,0.19573824,0.11046833
Ecuador,Norway,0.41237725,0.30046831,0.28715444
Ecuador,Panama,0.64582155,0.22260361,0.13157483
Ecuador,Paraguay,0.51775208,0.27416597,0.20808194
Ecuador,Portugal,0.32640539,0.31163282,0.36196179
Ecuador,Qatar,0.73388467,0.17281486,0.09330047
Ecuador,Saudi Arabia,0.71641846,0.18206473,0.10151681
Ecuador,Scotland,0.52357594,0.27576646,0.20065759
Ecuador,Senegal,0.47034421,0.28508803,0.24456776
Ecuador,South Africa,0.70327982,0.19074811,0.10597207
Ecuador,South Korea,0.50792154,0.27733706,0.21474140
Ecuador,Spain,0.18409737,0.26738364,0.54851899
Ecuador,Sweden,0.50563414,0.27709197,0.21727389
Ecuador,Switzerland,0.33822039,0.31537984,0.34639976
Ecuador,Tunisia,0.66754233,0.20850733,0.12395034
Ecuador,Turkey,0.41514643,0.30654649,0.27830708
Ecuador,United States,0.54073136,0.26072219,0.19854645
Ecuador,Uruguay,0.41462886,0.30325202,0.28211912
Ecuador,Uzbekistan,0.62729631,0.22936739,0.14333630
Egypt,England,0.14091177,0.23246404,0.62662418
Egypt,France,0.14156541,0.23268079,0.62575380
Egypt,Germany,0.14880363,0.23945266,0.61174372
Egypt,Ghana,0.50669276,0.27429327,0.21901397
Egypt,Haiti,0.55530620,0.26215167,0.18254212
Egypt,Iran,0.38771410,0.29658794,0.31569797
Egypt,Iraq,0.63093815,0.23094847,0.13811338
Egypt,Ivory Coast,0.31049752,0.30736968,0.38213280
Egypt,Japan,0.25095786,0.29164919,0.45739295
Egypt,Jordan,0.59573324,0.24554995,0.15871681
Egypt,Mexico,0.24165930,0.28741344,0.47092726
Egypt,Morocco,0.24121376,0.29232308,0.46646316
Egypt,Netherlands,0.16174231,0.24724609,0.59101161
Egypt,New Zealand,0.54014422,0.26884082,0.19101496
Egypt,Norway,0.23170401,0.29143563,0.47686037
Egypt,Panama,0.46629868,0.29170440,0.24199692
Egypt,Paraguay,0.29282865,0.30734952,0.39982183
Egypt,Portugal,0.15988093,0.24844461,0.59167447
Egypt,Qatar,0.62208003,0.23519724,0.14272273
Egypt,Saudi Arabia,0.58316634,0.25136586,0.16546779
Egypt,Scotland,0.31833019,0.31437115,0.36729865
Egypt,Senegal,0.26591306,0.30060742,0.43347952
Egypt,South Africa,0.54670889,0.26827705,0.18501406
Egypt,South Korea,0.29702318,0.30775490,0.39522192
Egypt,Spain,0.10625270,0.19466516,0.69908214
Egypt,Sweden,0.34528748,0.31157654,0.34313598
Egypt,Switzerland,0.20000503,0.26507429,0.53492068
Egypt,Tunisia,0.49301010,0.28518671,0.22180318
Egypt,Turkey,0.21846483,0.28237054,0.49916463
Egypt,United States,0.36754064,0.30500230,0.32745707
Egypt,Uruguay,0.22092443,0.28346236,0.49561321
Egypt,Uzbekistan,0.45632702,0.29719588,0.24647710
England,France,0.34635894,0.32198678,0.33165428
England,Germany,0.37494512,0.31711490,0.30793999
England,Ghana,0.70475388,0.18965327,0.10559286
England,Haiti,0.75922970,0.15895440,0.08181590
England,Iran,0.67982989,0.20666936,0.11350075
England,Iraq,0.78408608,0.14375242,0.07216150
England,Ivory Coast,0.55234882,0.26353926,0.18411192
England,Japan,0.55480094,0.26259812,0.18260094
England,Jordan,0.76967755,0.15400316,0.07631928
England,Mexico,0.52112661,0.27666792,0.20220547
England,Morocco,0.52289445,0.27573781,0.20136774
England,Netherlands,0.40166887,0.31217070,0.28616043
England,New Zealand,0.75171487,0.16471476,0.08357037
England,Norway,0.49252383,0.28729667,0.22017951
England,Panama,0.71411729,0.18715763,0.09872508
England,Paraguay,0.60938483,0.24137919,0.14923597
England,Portugal,0.40627564,0.31064137,0.28308299
England,Qatar,0.78408608,0.14375242,0.07216150
England,Saudi Arabia,0.77412059,0.15008470,0.07579472
England,Scotland,0.60023514,0.24751316,0.15225170
England,Senegal,0.54241286,0.26762510,0.18996204
England,South Africa,0.75026813,0.16641459,0.08331728
England,South Korea,0.61049757,0.23934296,0.15015947
England,Spain,0.26466514,0.30285080,0.43248405
England,Sweden,0.56964289,0.25981576,0.17054135
England,Switzerland,0.43007600,0.30782469,0.26209931
England,Tunisia,0.72915236,0.17823625,0.09261139
England,Turkey,0.48479434,0.29404019,0.22116547
England,United States,0.62076054,0.23236465,0.14687481
England,Uruguay,0.50904350,0.28295253,0.20800397
England,Uzbekistan,0.71527435,0.18575139,0.09897426
France,Germany,0.35444093,0.31991771,0.32564137
France,Ghana,0.70475388,0.18965327,0.10559286
France,Haiti,0.75922970,0.15895440,0.08181590
France,Iran,0.67244244,0.21038551,0.11717205
France,Iraq,0.78408608,0.14375242,0.07216150
France,Ivory Coast,0.55234882,0.26353926,0.18411192
France,Japan,0.54596551,0.26644689,0.18758760
France,Jordan,0.76829098,0.15489907,0.07680996
France,Mexico,0.51170654,0.27913565,0.20915781
France,Morocco,0.51978055,0.27682725,0.20339221
France,Netherlands,0.39973620,0.31207985,0.28818395
France,New Zealand,0.74828943,0.16697074,0.08473984
France,Norway,0.48974301,0.28809079,0.22216620
France,Panama,0.71411729,0.18715763,0.09872508
France,Paraguay,0.60076667,0.24575081,0.15348252
France,Portugal,0.39602762,0.31214096,0.29183141
France,Qatar,0.78408608,0.14375242,0.07216150
France,Saudi Arabia,0.75902527,0.16002336,0.08095137
France,Scotland,0.59489784,0.25013960,0.15496256
France,Senegal,0.54039785,0.26840891,0.19119324
France,South Africa,0.75026813,0.16641459,0.08331728
France,South Korea,0.60188897,0.24338634,0.15472469
France,Spain,0.26019832,0.30221076,0.43759092
France,Sweden,0.56964289,0.25981576,0.17054135
France,Switzerland,0.42304671,0.30783395,0.26911934
France,Tunisia,0.72645648,0.18008399,0.09345953
France,Turkey,0.48258345,0.29467296,0.22274359
France,United States,0.61591284,0.23473562,0.14935154
France,Uruguay,0.49978639,0.28681644,0.21339717
France,Uzbekistan,0.71240262,0.18711716,0.10048022
Germany,Ghana,0.70390661,0.18986842,0.10622497
Germany,Haiti,0.74281004,0.16975947,0.08743048
Germany,Iran,0.65350555,0.21928339,0.12721106
Germany,Iraq,0.76992555,0.15321521,0.07685923
Germany,Ivory Coast,0.53937501,0.26793274,0.19269225
Germany,Japan,0.51438948,0.27866019,0.20695032
Germany,Jordan,0.76242406,0.15870500,0.07887094
Germany,Mexico,0.47272638,0.28954820,0.23772542
Germany,Morocco,0.49392221,0.28670890,0.21936889
Germany,Netherlands,0.36420452,0.31781423,0.31798124
Germany,New Zealand,0.74020869,0.17183684,0.08795446
Germany,Norway,0.45999786,0.29890805,0.24109409
Germany,Panama,0.69836959,0.19675440,0.10487601
Germany,Paraguay,0.57714981,0.25642765,0.16642254
Germany,Portugal,0.35897387,0.31829339,0.32273275
Germany,Qatar,0.76992555,0.15321521,0.07685923
Germany,Saudi Arabia,0.75981699,0.15965200,0.08053101
Germany,Scotland,0.58007498,0.25704195,0.16288308
Germany,Senegal,0.52157057,0.27596807,0.20246137
Germany,South Africa,0.74708838,0.16894359,0.08396803
Germany,South Korea,0.57592811,0.25419451,0.16987738
Germany,Spain,0.24370373,0.29419806,0.46209822
Germany,Sweden,0.54861957,0.26810029,0.18328014
Germany,Switzerland,0.40131138,0.31099806,0.28769056
Germany,Tunisia,0.71968590,0.18411468,0.09619941
Germany,Turkey,0.45481732,0.30465191,0.24053077
Germany,United States,0.59448004,0.24429557,0.16122439
Germany,Uruguay,0.47091869,0.29765490,0.23142641
Germany,Uzbekistan,0.67557110,0.20741186,0.11701704
Ghana,Haiti,0.37523426,0.30462402,0.32014171
Ghana,Iran,0.27738118,0.26578144,0.45683737
Ghana,Iraq,0.47074642,0.28281200,0.24644158
Ghana,Ivory Coast,0.17825348,0.25369431,0.56805221
Ghana,Japan,0.17183687,0.23679000,0.59137313
Ghana,Jordan,0.40476617,0.27775131,0.31748251
Ghana,Mexico,0.18406188,0.24605487,0.56988325
Ghana,Morocco,0.14546883,0.22367827,0.63085290
Ghana,Netherlands,0.11285898,0.19384136,0.69329966
Ghana,New Zealand,0.35840233,0.29109443,0.35050324
Ghana,Norway,0.13695078,0.22058293,0.64246629
Ghana,Panama,0.32302652,0.28441883,0.39255465
Ghana,Paraguay,0.18663631,0.25033574,0.56302796
Ghana,Portugal,0.11719511,0.20508018,0.67772472
Ghana,Qatar,0.44888589,0.28218207,0.26893203
Ghana,Saudi Arabia,0.39892517,0.29432791,0.30674693
Ghana,Scotland,0.20595538,0.26791406,0.52613056
Ghana,Senegal,0.16440074,0.24126022,0.59433905
Ghana,South Africa,0.35615188,0.29124394,0.35260418
Ghana,South Korea,0.19948907,0.25604934,0.54446160
Ghana,Spain,0.10559286,0.18965327,0.70475388
Ghana,Sweden,0.19460225,0.26461622,0.54078153
Ghana,Switzerland,0.15146960,0.21904970,0.62948070
Ghana,Tunisia,0.30491534,0.29576596,0.39931870
Ghana,Turkey,0.14403564,0.22168786,0.63427651
Ghana,United States,0.21431337,0.27643035,0.50925628
Ghana,Uruguay,0.14492202,0.22076498,0.63431300
Ghana,Uzbekistan,0.28617559,0.28883681,0.42498760
Haiti,Iran,0.24929385,0.26851658,0.48218957
Haiti,Iraq,0.43411503,0.29263276,0.27325221
Haiti,Ivory Coast,0.15620561,0.24131910,0.60247529
Haiti,Japan,0.13796460,0.21770747,0.64432793
Haiti,Jordan,0.36428839,0.28457013,0.35114148
Haiti,Mexico,0.14303920,0.21863467,0.63832613
Haiti,Morocco,0.13654748,0.22114851,0.64230401
Haiti,Netherlands,0.09218420,0.17341634,0.73439946
Haiti,New Zealand,0.31384923,0.29020226,0.39594851
Haiti,Norway,0.12927498,0.21394804,0.65677697
Haiti,Panama,0.28163966,0.28316401,0.43519633
Haiti,Paraguay,0.17027020,0.25138156,0.57834824
Haiti,Portugal,0.09006371,0.17191679,0.73801951
Haiti,Qatar,0.41869356,0.29290660,0.28839984
Haiti,Saudi Arabia,0.36666573,0.30273994,0.33059433
Haiti,Scotland,0.17322776,0.25581383,0.57095840
Haiti,Senegal,0.14425885,0.22911420,0.62662695
Haiti,South Africa,0.33077715,0.30357488,0.36564797
Haiti,South Korea,0.17611485,0.25106417,0.57282099
Haiti,Spain,0.08181590,0.15895440,0.75922970
Haiti,Sweden,0.17147400,0.25410444,0.57442155
Haiti,Switzerland,0.11521283,0.19169171,0.69309546
Haiti,Tunisia,0.27412224,0.29962919,0.42624857
Haiti,Turkey,0.11594137,0.19919723,0.68486140
Haiti,United States,0.19188293,0.26486862,0.54324845
Haiti,Uruguay,0.11662135,0.20113636,0.68224229
Haiti,Uzbekistan,0.25445100,0.28842325,0.45712575
Iran,Iraq,0.56143835,0.24452201,0.19403964
Iran,Ivory Coast,0.29402630,0.27922863,0.42674506
Iran,Japan,0.21738973,0.28018026,0.50243000
Iran,Jordan,0.52510792,0.26019311,0.21469897
Iran,Mexico,0.19526533,0.26808950,0.53664518
Iran,Morocco,0.21808210,0.27971897,0.50219893
Iran,Netherlands,0.13764790,0.22738789,0.63496421
Iran,New Zealand,0.46766743,0.27443455,0.25789801
Iran,Norway,0.21340647,0.27665535,0.50993817
Iran,Panama,0.42424250,0.28450174,0.29125576
Iran,Paraguay,0.27070861,0.29455954,0.43473185
Iran,Portugal,0.13910780,0.23005665,0.63083555
Iran,Qatar,0.55260365,0.24940419,0.19799216
Iran,Saudi Arabia,0.50153487,0.26615210,0.23231304
Iran,Scotland,0.29333249,0.30141360,0.40525390
Iran,Senegal,0.24054074,0.28557873,0.47388053
Iran,South Africa,0.48316445,0.27492347,0.24191208
Iran,South Korea,0.27057437,0.29303077,0.43639486
Iran,Spain,0.08444060,0.16699713,0.74856227
Iran,Sweden,0.31308680,0.29318503,0.39372817
Iran,Switzerland,0.15945062,0.24930051,0.59124887
Iran,Tunisia,0.42903011,0.28308933,0.28788055
Iran,Turkey,0.19437146,0.27073079,0.53489775
Iran,United States,0.33767683,0.28229288,0.38003029
Iran,Uruguay,0.19381778,0.26939215,0.53679007
Iran,Uzbekistan,0.39399135,0.28899343,0.31701522
Iraq,Ivory Coast,0.11352464,0.20430638,0.68216898
Iraq,Japan,0.11208928,0.19302467,0.69488605
Iraq,Jordan,0.28877525,0.27239535,0.43882941
Iraq,Mexico,0.11987504,0.19807514,0.68204981
Iraq,Morocco,0.10067605,0.18657814,0.71274581
Iraq,Netherlands,0.07995443,0.15574660,0.76429897
Iraq,New Zealand,0.24742089,0.27354689,0.47903222
Iraq,Norway,0.09644843,0.18260314,0.72094843
Iraq,Panama,0.22051191,0.26466124,0.51482685
Iraq,Paraguay,0.12850100,0.21819677,0.65330222
Iraq,Portugal,0.07861400,0.15444041,0.76694559
Iraq,Qatar,0.34588443,0.28919248,0.36492309
Iraq,Saudi Arabia,0.30370075,0.28839237,0.40790688
Iraq,Scotland,0.13523314,0.22852627,0.63624058
Iraq,Senegal,0.10946601,0.19837793,0.69215606
Iraq,South Africa,0.25533231,0.28092592,0.46374176
Iraq,South Korea,0.13508560,0.21843019,0.64648421
Iraq,Spain,0.07216150,0.14375242,0.78408608
Iraq,Sweden,0.12909769,0.22233797,0.64856434
Iraq,Switzerland,0.09713955,0.17591744,0.72694301
Iraq,Tunisia,0.21512115,0.27290341,0.51197544
Iraq,Turkey,0.09474157,0.17800150,0.72725693
Iraq,United States,0.14510554,0.23181499,0.62307947
Iraq,Uruguay,0.09310651,0.17464063,0.73225286
Iraq,Uzbekistan,0.19890594,0.26222895,0.53886511
Ivory Coast,Japan,0.28850615,0.29004230,0.42145155
Ivory Coast,Jordan,0.61840864,0.23385670,0.14773467
Ivory Coast,Mexico,0.27802478,0.29076714,0.43120808
Ivory Coast,Morocco,0.27430104,0.29757167,0.42812730
Ivory Coast,Netherlands,0.20911817,0.27352256,0.51735926
Ivory Coast,New Zealand,0.56600776,0.25744816,0.17654408
Ivory Coast,Norway,0.26149401,0.29869318,0.43981281
Ivory Coast,Panama,0.49570180,0.27642069,0.22787752
Ivory Coast,Paraguay,0.33248971,0.30144775,0.36606254
Ivory Coast,Portugal,0.20698350,0.27517234,0.51784416
Ivory Coast,Qatar,0.67493248,0.20817596,0.11689156
Ivory Coast,Saudi Arabia,0.62493485,0.23239063,0.14267452
Ivory Coast,Scotland,0.34940509,0.30579228,0.34480263
Ivory Coast,Senegal,0.29295542,0.30414368,0.40290090
Ivory Coast,South Africa,0.59791437,0.24574904,0.15633658
Ivory Coast,South Korea,0.33101743,0.29821003,0.37077254
Ivory Coast,Spain,0.15381602,0.23713606,0.60904792
Ivory Coast,Sweden,0.37133381,0.31453644,0.31412975
Ivory Coast,Switzerland,0.23980756,0.27762129,0.48257115
Ivory Coast,Tunisia,0.54557233,0.26596511,0.18846257
Ivory Coast,Turkey,0.26081918,0.29308951,0.44609131
Ivory Coast,United States,0.39800976,0.30386868,0.29812156
Ivory Coast,Uruguay,0.25581875,0.28904692,0.45513433
Ivory Coast,Uzbekistan,0.48865832,0.28383882,0.22750286
Japan,Jordan,0.65251331,0.21852631,0.12896037
Japan,Mexico,0.31593784,0.30709692,0.37696524
Japan,Morocco,0.35176501,0.30827049,0.33996450
Japan,Netherlands,0.23273329,0.28777654,0.47949018
Japan,New Zealand,0.60439998,0.24190408,0.15369595
Japan,Norway,0.33446190,0.30805732,0.35748078
Japan,Panama,0.56715850,0.25743592,0.17540557
Japan,Paraguay,0.41294301,0.30529929,0.28175771
Japan,Portugal,0.23471034,0.28961467,0.47567500
Japan,Qatar,0.69169502,0.19490961,0.11339536
Japan,Saudi Arabia,0.66295695,0.20996787,0.12707517
Japan,Scotland,0.43690532,0.30113224,0.26196244
Japan,Senegal,0.37571255,0.30643471,0.31785274
Japan,South Africa,0.61654635,0.23509374,0.14835991
Japan,South Korea,0.41145629,0.30312145,0.28542226
Japan,Spain,0.14377434,0.23260683,0.62361882
Japan,Sweden,0.44003742,0.29444154,0.26552104
Japan,Switzerland,0.24964339,0.29392077,0.45643584
Japan,Tunisia,0.56631523,0.25463738,0.17904739
Japan,Turkey,0.31954011,0.31318351,0.36727638
Japan,United States,0.46998757,0.28234514,0.24766729
Japan,Uruguay,0.31847207,0.30880342,0.37272451
Japan,Uzbekistan,0.54793795,0.26327135,0.18879070
Jordan,Mexico,0.12698902,0.21135096,0.66166001
Jordan,Morocco,0.11317047,0.20479102,0.68203851
Jordan,Netherlands,0.08705791,0.16994604,0.74299605
Jordan,New Zealand,0.30863906,0.28893037,0.40243056
Jordan,Norway,0.10826369,0.20052969,0.69120662
Jordan,Panama,0.25488393,0.27363453,0.47148154
Jordan,Paraguay,0.14564377,0.23542727,0.61892896
Jordan,Portugal,0.08551556,0.16894377,0.74554067
Jordan,Qatar,0.42177600,0.27711098,0.30111302
Jordan,Saudi Arabia,0.37327368,0.28276843,0.34395788
Jordan,Scotland,0.15851047,0.24815083,0.59333870
Jordan,Senegal,0.12158006,0.21336528,0.66505466
Jordan,South Africa,0.32502738,0.29259526,0.38237735
Jordan,South Korea,0.15285343,0.23820612,0.60894046
Jordan,Spain,0.07194546,0.14377658,0.78427795
Jordan,Sweden,0.16044570,0.24813324,0.59142107
Jordan,Switzerland,0.10384798,0.18894501,0.70720701
Jordan,Tunisia,0.27613583,0.28629951,0.43756466
Jordan,Turkey,0.11161799,0.20442845,0.68395356
Jordan,United States,0.18165316,0.25403224,0.56431460
Jordan,Uruguay,0.11073012,0.20205293,0.68721696
Jordan,Uzbekistan,0.23553608,0.27666818,0.48779575
Mexico,Morocco,0.38638904,0.30150219,0.31210878
Mexico,Netherlands,0.25972727,0.29766123,0.44261150
Mexico,New Zealand,0.60972309,0.23713353,0.15314338
Mexico,Norway,0.36986467,0.30161183,0.32852350
Mexico,Panama,0.58258165,0.25129476,0.16612359
Mexico,Paraguay,0.44845283,0.29492165,0.25662552
Mexico,Portugal,0.26443115,0.29716691,0.43840194
Mexico,Qatar,0.68204981,0.19807514,0.11987504
Mexico,Saudi Arabia,0.65872515,0.21047092,0.13080393
Mexico,Scotland,0.44967804,0.29764865,0.25267331
Mexico,Senegal,0.40187155,0.29934578,0.29878268
Mexico,South Africa,0.63774685,0.22286533,0.13938782
Mexico,South Korea,0.44983973,0.29357063,0.25658964
Mexico,Spain,0.14622608,0.23431539,0.61945852
Mexico,Sweden,0.44959356,0.29063190,0.25977454
Mexico,Switzerland,0.27080045,0.30216753,0.42703202
Mexico,Tunisia,0.58491458,0.24461456,0.17047086
Mexico,Turkey,0.34504899,0.31114579,0.34380522
Mexico,United States,0.47921295,0.27854942,0.24223762
Mexico,Uruguay,0.35425021,0.30670265,0.33904713
Mexico,Uzbekistan,0.54669675,0.26260347,0.19069978
Morocco,Netherlands,0.23813077,0.29373946,0.46812977
Morocco,New Zealand,0.63296504,0.22879493,0.13824003
Morocco,Norway,0.32704078,0.31645938,0.35649984
Morocco,Panama,0.59468473,0.24544293,0.15987234
Morocco,Paraguay,0.41276635,0.30437336,0.28286029
Morocco,Portugal,0.23388654,0.29415239,0.47196106
Morocco,Qatar,0.70603398,0.19015724,0.10380878
Morocco,Saudi Arabia,0.66375857,0.21258156,0.12365987
Morocco,Scotland,0.42835264,0.30457369,0.26707367
Morocco,Senegal,0.36414242,0.31038395,0.32547363
Morocco,South Africa,0.64171906,0.22538188,0.13289907
Morocco,South Korea,0.41089418,0.30527472,0.28383110
Morocco,Spain,0.15298486,0.23731118,0.60970395
Morocco,Sweden,0.44463687,0.29896980,0.25639333
Morocco,Switzerland,0.26378082,0.29109492,0.44512426
Morocco,Tunisia,0.59326633,0.24525765,0.16147602
Morocco,Turkey,0.30737753,0.30982694,0.38279553
Morocco,United States,0.47939251,0.28459763,0.23600986
Morocco,Uruguay,0.31147482,0.31039617,0.37812901
Morocco,Uzbekistan,0.55950656,0.26023934,0.18025410
Netherlands,New Zealand,0.70190346,0.19226343,0.10583311
Netherlands,Norway,0.44109881,0.30231303,0.25658816
Netherlands,Panama,0.67735685,0.20667633,0.11596683
Netherlands,Paraguay,0.54991733,0.26596142,0.18412125
Netherlands,Portugal,0.34401118,0.31798992,0.33799890
Netherlands,Qatar,0.76429897,0.15574660,0.07995443
Netherlands,Saudi Arabia,0.74848889,0.16570008,0.08581103
Netherlands,Scotland,0.56153297,0.26296412,0.17550291
Netherlands,Senegal,0.48339411,0.28793493,0.22867095
Netherlands,South Africa,0.73137300,0.17654285,0.09208416
Netherlands,South Korea,0.55773614,0.26134293,0.18092094
Netherlands,Spain,0.22748240,0.28603200,0.48648561
Netherlands,Sweden,0.53552558,0.27097357,0.19350085
Netherlands,Switzerland,0.36156777,0.30788330,0.33054893
Netherlands,Tunisia,0.70168820,0.19261437,0.10569743
Netherlands,Turkey,0.43048451,0.30784158,0.26167391
Netherlands,United States,0.57501408,0.25052982,0.17445610
Netherlands,Uruguay,0.44205619,0.30216289,0.25578091
Netherlands,Uzbekistan,0.65346215,0.21783627,0.12870158
New Zealand,Norway,0.13221933,0.22365533,0.64412533
New Zealand,Panama,0.30340788,0.28926987,0.40732225
New Zealand,Paraguay,0.17309627,0.25743571,0.56946801
New Zealand,Portugal,0.10442156,0.19288212,0.70269632
New Zealand,Qatar,0.47188494,0.27338436,0.25473070
New Zealand,Saudi Arabia,0.40884930,0.28889381,0.30225689
New Zealand,Scotland,0.18485368,0.26831795,0.54682837
New Zealand,Senegal,0.15381771,0.24139165,0.60479064
New Zealand,South Africa,0.37430521,0.29938752,0.32630727
New Zealand,South Korea,0.18306521,0.26162681,0.55530797
New Zealand,Spain,0.07685948,0.15127383,0.77186669
New Zealand,Sweden,0.20171298,0.27543060,0.52285642
New Zealand,Switzerland,0.11808399,0.20421259,0.67770341
New Zealand,Tunisia,0.30963277,0.30426802,0.38609921
New Zealand,Turkey,0.13366297,0.22557437,0.64076266
New Zealand,United States,0.21394044,0.27587104,0.51018852
New Zealand,Uruguay,0.13385134,0.22608884,0.64005982
New Zealand,Uzbekistan,0.28710942,0.29927361,0.41361697
Norway,Panama,0.60656376,0.24023020,0.15320604
Norway,Paraguay,0.43045291,0.30264242,0.26690467
Norway,Portugal,0.25219791,0.30280554,0.44499655
Norway,Qatar,0.70967583,0.18907556,0.10124860
Norway,Saudi Arabia,0.67323028,0.20794757,0.11882215
Norway,Scotland,0.44491933,0.30275694,0.25232372
Norway,Senegal,0.37757869,0.31295269,0.30946862
Norway,South Africa,0.65107336,0.22111826,0.12780838
Norway,South Korea,0.42817189,0.30294189,0.26888622
Norway,Spain,0.17507236,0.25578968,0.56913796
Norway,Sweden,0.45374670,0.30064265,0.24561065
Norway,Switzerland,0.28203027,0.29368811,0.42428163
Norway,Tunisia,0.60968281,0.23781598,0.15250122
Norway,Turkey,0.32451807,0.31514731,0.36033462
Norway,United States,0.49421576,0.28244588,0.22333837
Norway,Uruguay,0.32169280,0.31275019,0.36555701
Norway,Uzbekistan,0.57641517,0.25273824,0.17084659
Panama,Paraguay,0.20518120,0.27769891,0.51711989
Panama,Portugal,0.11338603,0.20500209,0.68161187
Panama,Qatar,0.50900056,0.26539407,0.22560537
Panama,Saudi Arabia,0.46210353,0.27595327,0.26194321
Panama,Scotland,0.22316493,0.28890193,0.48793314
Panama,Senegal,0.17986244,0.26047717,0.55966039
Panama,South Africa,0.43399634,0.28561026,0.28039340
Panama,South Korea,0.20718412,0.27520607,0.51760981
Panama,Spain,0.08060350,0.15918905,0.76020745
Panama,Sweden,0.24599373,0.29280632,0.46119996
Panama,Switzerland,0.13636884,0.22692490,0.63670626
Panama,Tunisia,0.38319806,0.28982610,0.32697584
Panama,Turkey,0.15335850,0.24313496,0.60350654
Panama,United States,0.26132360,0.28737380,0.45130261
Panama,Uruguay,0.15237034,0.24282696,0.60480270
Panama,Uzbekistan,0.33950303,0.29733983,0.36315714
Paraguay,Portugal,0.18104453,0.26627098,0.55268449
Paraguay,Qatar,0.64261208,0.22388198,0.13350594
Paraguay,Saudi Arabia,0.60618943,0.24181330,0.15199726
Paraguay,Scotland,0.35555562,0.31604834,0.32839604
Paraguay,Senegal,0.30926610,0.30882346,0.38191044
Paraguay,South Africa,0.57810066,0.25656556,0.16533378
Paraguay,South Korea,0.34530778,0.31066651,0.34402571
Paraguay,Spain,0.11081907,0.20214724,0.68703369
Paraguay,Sweden,0.39295993,0.30466871,0.30237136
Paraguay,Switzerland,0.20859673,0.27328622,0.51811704
Paraguay,Tunisia,0.53248986,0.27113291,0.19637723
Paraguay,Turkey,0.24775281,0.29857756,0.45366963
Paraguay,United States,0.42300340,0.29372200,0.28327460
Paraguay,Uruguay,0.25204684,0.29928953,0.44866362
Paraguay,Uzbekistan,0.49733367,0.28346185,0.21920448
Portugal,Qatar,0.76694559,0.15444041,0.07861400
Portugal,Saudi Arabia,0.75144495,0.16452577,0.08402927
Portugal,Scotland,0.55491783,0.26761135,0.17747083
Portugal,Senegal,0.48362977,0.28971617,0.22665406
Portugal,South Africa,0.73446741,0.17566991,0.08986269
Portugal,South Korea,0.55438371,0.26341016,0.18220613
Portugal,Spain,0.23103862,0.28802469,0.48093669
Portugal,Sweden,0.53505551,0.27330964,0.19163486
Portugal,Switzerland,0.35573129,0.30762845,0.33664026
Portugal,Tunisia,0.70281831,0.19280709,0.10437460
Portugal,Turkey,0.43252403,0.30832942,0.25914655
Portugal,United States,0.57439902,0.25216290,0.17343808
Portugal,Uruguay,0.43701180,0.30557349,0.25741470
Portugal,Uzbekistan,0.65329725,0.21806600,0.12863675
Qatar,Saudi Arabia,0.30370075,0.28839237,0.40790688
Qatar,Scotland,0.13753598,0.23201423,0.63044978
Qatar,Senegal,0.11086413,0.20084420,0.68829166
Qatar,South Africa,0.26488726,0.28392318,0.45118956
Qatar,South Korea,0.13917771,0.22475867,0.63606361
Qatar,Spain,0.07216150,0.14375242,0.78408608
Qatar,Sweden,0.13061229,0.22340144,0.64598627
Qatar,Switzerland,0.09713955,0.17591744,0.72694301
Qatar,Tunisia,0.22224004,0.27641594,0.50134403
Qatar,Turkey,0.09507177,0.17826185,0.72666638
Qatar,United States,0.14942776,0.23497342,0.61559882
Qatar,Uruguay,0.09456014,0.17719664,0.72824322
Qatar,Uzbekistan,0.20418868,0.26397710,0.53183423
Saudi Arabia,Scotland,0.15811977,0.25058384,0.59129639
Saudi Arabia,Senegal,0.12752716,0.21846553,0.65400731
Saudi Arabia,South Africa,0.32089016,0.29939467,0.37971516
Saudi Arabia,South Korea,0.16226870,0.24634445,0.59138686
Saudi Arabia,Spain,0.07579472,0.15008470,0.77412059
Saudi Arabia,Sweden,0.15846654,0.24712755,0.59440591
Saudi Arabia,Switzerland,0.11283357,0.19613465,0.69103179
Saudi Arabia,Tunisia,0.25503436,0.29007010,0.45489554
Saudi Arabia,Turkey,0.10788861,0.19332533,0.69878606
Saudi Arabia,United States,0.17334985,0.25224597,0.57440418
Saudi Arabia,Uruguay,0.10727282,0.19230643,0.70042075
Saudi Arabia,Uzbekistan,0.22780178,0.27721059,0.49498763
Scotland,Senegal,0.28887478,0.30885089,0.40227433
Scotland,South Africa,0.56806997,0.26122963,0.17070040
Scotland,South Korea,0.32065342,0.31205545,0.36729113
Scotland,Spain,0.11525783,0.20913297,0.67560920
Scotland,Sweden,0.36738814,0.31209991,0.32051196
Scotland,Switzerland,0.20956948,0.27936490,0.51106562
Scotland,Tunisia,0.50926458,0.28045718,0.21027825
Scotland,Turkey,0.22913570,0.29152953,0.47933477
Scotland,United States,0.39169557,0.30455760,0.30374683
Scotland,Uruguay,0.23300182,0.29372961,0.47326857
Scotland,Uzbekistan,0.48631417,0.28865304,0.22503279
Senegal,South Africa,0.63142502,0.23021120,0.13836378
Senegal,South Korea,0.37950563,0.30831480,0.31217956
Senegal,Spain,0.14744381,0.23294573,0.61961046
Senegal,Sweden,0.41646095,0.30648042,0.27705863
Senegal,Switzerland,0.24899823,0.28521170,0.46579007
Senegal,Tunisia,0.57365781,0.25441488,0.17192731
Senegal,Turkey,0.28797540,0.30597033,0.40605428
Senegal,United States,0.45385957,0.29287603,0.25326441
Senegal,Uruguay,0.28601037,0.30457437,0.40941526
Senegal,Uzbekistan,0.54704542,0.26547934,0.18747524
South Africa,South Korea,0.17152573,0.25746570,0.57100857
South Africa,Spain,0.07849800,0.15685536,0.76464664
South Africa,Sweden,0.17168020,0.25948385,0.56883595
South Africa,Switzerland,0.11611548,0.20204647,0.68183805
South Africa,Tunisia,0.28954492,0.30390146,0.40655362
South Africa,Turkey,0.12924224,0.21922985,0.65152792
South Africa,United States,0.18727477,0.26439592,0.54832930
South Africa,Uruguay,0.12943221,0.21962155,0.65094624
South Africa,Uzbekistan,0.25713976,0.29447501,0.44838523
South Korea,Spain,0.10932475,0.19686136,0.69381390
South Korea,Sweden,0.38800780,0.30360688,0.30838532
South Korea,Switzerland,0.21596199,0.27642394,0.50761407
South Korea,Tunisia,0.51777740,0.27545385,0.20676875
South Korea,Turkey,0.25462950,0.29667373,0.44869677
South Korea,United States,0.41714582,0.29294997,0.28990422
South Korea,Uruguay,0.25654112,0.29705647,0.44640241
South Korea,Uzbekistan,0.48184750,0.28642661,0.23172588
Spain,Sweden,0.63324196,0.22552199,0.14123604
Spain,Switzerland,0.54034762,0.27328422,0.18636816
Spain,Tunisia,0.74464178,0.16807919,0.08727904
Spain,Turkey,0.55569172,0.26577979,0.17852849
Spain,United States,0.68093279,0.19890057,0.12016665
Spain,Uruguay,0.58276425,0.25235428,0.16488148
Spain,Uzbekistan,0.74715861,0.16580244,0.08703895
Sweden,Switzerland,0.21986214,0.27555595,0.50458191
Sweden,Tunisia,0.49971815,0.28373750,0.21654435
Sweden,Turkey,0.24176450,0.29124298,0.46699253
Sweden,United States,0.35804661,0.31423631,0.32771709
Sweden,Uruguay,0.23842544,0.29022957,0.47134499
Sweden,Uzbekistan,0.45084998,0.29620424,0.25294579
Switzerland,Tunisia,0.65331095,0.21390818,0.13278087
Switzerland,Turkey,0.41287969,0.30606481,0.28105549
Switzerland,United States,0.53754585,0.26077783,0.20167632
Switzerland,Uruguay,0.42563182,0.29956855,0.27479963
Switzerland,Uzbekistan,0.63839366,0.22153072,0.14007562
Tunisia,Turkey,0.15624774,0.23927987,0.60447239
Tunisia,United States,0.23944412,0.29224528,0.46831060
Tunisia,Uruguay,0.15621376,0.24114993,0.60263631
Tunisia,Uzbekistan,0.30464290,0.30649315,0.38886395
Turkey,United States,0.50410305,0.27646119,0.21943576
Turkey,Uruguay,0.34056991,0.31597639,0.34345370
Turkey,Uzbekistan,0.58855828,0.24727665,0.16416507
United States,Uruguay,0.21913712,0.27519344,0.50566943
United States,Uzbekistan,0.43280448,0.29888563,0.26830988
Uruguay,Uzbekistan,0.58297515,0.25072632,0.16629853
